context,response,context_html,speaker,DialoGPT,BlenderBot-3B,COSMO-3B,GODEL-L
"[""Uh-oh . We don't have a flashlight . ""]", Don't worry . We'll make it back to the camp site before dark . ,<b>ALICE:</b> Uh-oh . We don't have a flashlight . ,BOB,"You can take that back now, you are a coward."," You can use your phone's flashlight if you have one. I know it's not as good as a real flashlight, but it's better than nothing.",Where is it?,How's it going?
['What shall I call him ? ']," Oh , you may call him Uncle , or Henry . ",<b>ALICE:</b> What shall I call him ? ,BOB,the big blue cat," I don't know, but I do know that I'm going to miss him a lot.",I can't believe it is you with a child. what is causing you to have a child?,"Well, this friend is a jackass."
"[""Oh , it's getting late . I've got to run . It was nice talking to you , karren . "", ' Thanks , Tim.Nice meeting you , too . ', "" I guess we'll see just around . ""]"," Ye , I hope so.well.Take it easy . ","<b>ALICE:</b> Oh , it's getting late . I've got to run . It was nice talking to you , karren . <br><b>BOB:</b>  Thanks , Tim.Nice meeting you , too . <br><b>ALICE:</b>  I guess we'll see just around . ",BOB,How's things going?," Yeah, it was nice chatting with you too.  Have a great day!","Yeah , definitely . Take care .",You look friendly. Goodbye.
"['What ’ s the Mountaineering Club doing this weekend ? ', ' We are going to climb a cliff on the Colorado River . ', ' How hard is the climb ? ', ' It is a very difficult climb because there are not many places to put your hands and feet . ']", What did you do last week ? ,<b>ALICE:</b> What ’ s the Mountaineering Club doing this weekend ? <br><b>BOB:</b>  We are going to climb a cliff on the Colorado River . <br><b>ALICE:</b>  How hard is the climb ? <br><b>BOB:</b>  It is a very difficult climb because there are not many places to put your hands and feet . ,ALICE,This! That s the problem for a few people..," I have never been, but I have always wanted to go. Have you ever been before?",I am interested in joining your club. I have heard that you guys have climbed some pretty tough cliffs.,I think I can do it.
"[""Have you seen the tower in front of us . That's the famous Eiffel Tower . It was built in 1889 for the World's Fair . "", ' How tall is this building ? ']", It stands 320m ( 1050ft ) high and held the record as the world's tallest structure until 1930 . ,<b>ALICE:</b> Have you seen the tower in front of us . That's the famous Eiffel Tower . It was built in 1889 for the World's Fair . <br><b>BOB:</b>  How tall is this building ? ,ALICE,1 2 3, I haven't seen it in person but I've seen pictures of it. It's the tallest building in Paris.,The Eiffel Tower is 324 meters tall .,It's about 20 stories high.
"['What are the most popular sports in your country ? ', "" Swimming in summer and skating in winter.What ' s your favorite sport ? ""]", Jogging and bowling . Do you know how to practise Bungfu ? ,<b>ALICE:</b> What are the most popular sports in your country ? <br><b>BOB:</b>  Swimming in summer and skating in winter.What ' s your favorite sport ? ,ALICE,I was playing soccer. I still have a bit of work to do but it's getting there., I love swimming. It's one of my favorite recreational activities to do.,I like football and basketball but I'm not very good at them. i can also skate but i don't play in the winter because it's too cold outside.,"Swimming is my favorite sport, but I like to play golf and baseball as well."
"[""Let's play chess . "", "" I haven't played chess for a long time . "", "" That's all right , I'm a beginner . I've just learnt how to play . "", "" Look , there's a chessboard . Those two men have already finished playing . "", "" You're a very good player "", ' Not really , but once I won a prize . ']", So did I . I won a prize last week but it was a prize for beginners . ,"<b>ALICE:</b> Let's play chess . <br><b>BOB:</b>  I haven't played chess for a long time . <br><b>ALICE:</b>  That's all right , I'm a beginner . I've just learnt how to play . <br><b>BOB:</b>  Look , there's a chessboard . Those two men have already finished playing . <br><b>ALICE:</b>  You're a very good player <br><b>BOB:</b>  Not really , but once I won a prize . ",ALICE,Good for you. It's a rather impressive record., I love playing chess. It's one of the most popular board games in the world.,Congratulations ! Maybe one day I'll be able to beat you .,You must be really lucky.
"[""This is the Bell Captain's Desk . May I help you ? "", "" Yes , I've been waiting for my bags to be sent up for the last half hour . Where are they ? ""]"," I'm very sorry to hear that . May I have your name and room number , please ? ","<b>ALICE:</b> This is the Bell Captain's Desk . May I help you ? <br><b>BOB:</b>  Yes , I've been waiting for my bags to be sent up for the last half hour . Where are they ? ",ALICE,I placed the order about an hour ago, They are at the post office.  I have been waiting a long time for them to be delivered.,The bags have been put on the truck outside the airport. You will have to come back up to the baggage claim area to get them .,You're in the room right here. There's no one else there.
"['Were you in a leadership position when you were a college student ? ', ' Yes . I was president of the Student Council of our university . ', ' Did you get any honors or awards at your university ? ', ' Yes . I was elected Excellent Party Member for four academic years . ', ' Were you involved in any club activities at your university ? ', ' Yes . I was a member of the Student Poetry Society . I like writing poems in my spare time . ']", What extracurricular activities did you usually take part in at your college ? ,<b>ALICE:</b> Were you in a leadership position when you were a college student ? <br><b>BOB:</b>  Yes . I was president of the Student Council of our university . <br><b>ALICE:</b>  Did you get any honors or awards at your university ? <br><b>BOB:</b>  Yes . I was elected Excellent Party Member for four academic years . <br><b>ALICE:</b>  Were you involved in any club activities at your university ? <br><b>BOB:</b>  Yes . I was a member of the Student Poetry Society . I like writing poems in my spare time . ,ALICE,How did that help?," No, I was not.  I was just a student.  What kind of activities did you participate in?","That sounds really interesting . I've never been very good at writing poetry , but I'd love to learn how if it's something that you enjoy doing . Do you think you could teach me some tips ?",I was also a member of the Student Party. I was elected Excellent Party Member for three consecutive years.
"['Hey , Blake ! Are you still listening to Mozart ? ', ' Yes.Do you like it ? ', "" It's great . and I ' Ve heard that listening to Mozart can make you more intelligent . "", "" Really ? I've never heard that before . I just like it . "", ' Is classical music your favorite ? ', ' Yes . What about you ? ', "" I Like pop music best . Classical music is a bit too heavy for me . I can't get fully relaxed in it . "", "" Pop music doesn't have any depth for me . "", "" Yeah , that's why I can enjoy myself in it . "", ' Did you always like pop music . ', ' I think so , since I was in primary school . How long have you been interested in classical music . ', "" I didn't like it at all until I started to learn violin when I was eight . From then on . classical music has been an important part of my life . ""]"," oh , I didn't know you can play the violin . Do you still play . ","<b>ALICE:</b> Hey , Blake ! Are you still listening to Mozart ? <br><b>BOB:</b>  Yes.Do you like it ? <br><b>ALICE:</b>  It's great . and I ' Ve heard that listening to Mozart can make you more intelligent . <br><b>BOB:</b>  Really ? I've never heard that before . I just like it . <br><b>ALICE:</b>  Is classical music your favorite ? <br><b>BOB:</b>  Yes . What about you ? <br><b>ALICE:</b>  I Like pop music best . Classical music is a bit too heavy for me . I can't get fully relaxed in it . <br><b>BOB:</b>  Pop music doesn't have any depth for me . <br><b>ALICE:</b>  Yeah , that's why I can enjoy myself in it . <br><b>BOB:</b>  Did you always like pop music . <br><b>ALICE:</b>  I think so , since I was in primary school . How long have you been interested in classical music . <br><b>BOB:</b>  I didn't like it at all until I started to learn violin when I was eight . From then on . classical music has been an important part of my life . ",ALICE,W," Yes, I love classical and jazz music. They have such a rich history.",That's really cool . I've always wanted to learn how to play an instrument but I never had the time or patience for it .,I am happy to hear that. But I do think you will never like pop music like you think you will.
"['Margaret , do you think I should enroll in the science course ? ', "" Yes , I think so , If you want to graduated this year , you've got to take a science course . "", ' Right , I figure since you are doing premedical , you know about the very courses . ', ' Well , I have to take biology , chemistry , maps and physics.what you need is a good introductory course for non-science majors . ', ' Yes , I really weak in maps , I did poorly in high school . ']", That's a problem . ,"<b>ALICE:</b> Margaret , do you think I should enroll in the science course ? <br><b>BOB:</b>  Yes , I think so , If you want to graduated this year , you've got to take a science course . <br><b>ALICE:</b>  Right , I figure since you are doing premedical , you know about the very courses . <br><b>BOB:</b>  Well , I have to take biology , chemistry , maps and physics.what you need is a good introductory course for non-science majors . <br><b>ALICE:</b>  Yes , I really weak in maps , I did poorly in high school . ",BOB,"I am a biology major, I can take a geography course though"," I'm not sure if I want to be a doctor or a scientist, but I'm sure I'll figure it out.",I think you'll need a tutor for that and maybe someone else in the class to help. maybe we can take an online course together or something.,"Well, you should be able to pass the course."
['Did you watch the volleyball match last night ? '], Yeah . ,<b>ALICE:</b> Did you watch the volleyball match last night ? ,BOB,It looked more real than that game lol, I did! I was rooting for the U.S. team. What about you?,"Yeah, I did. I was really blown away by the way our team played.","Yes, I did. The first set was very exciting."
"[""I'm just calling to see if you have made any decision about the position . "", "" Sorry , we haven't made the decision at all . "", ' Do you have any idea when you might arrive at a decision ? ', ' We will let you know probably next Monday . I hope to give you a positive reply . ']", I'm willing to wait until you have come to a decision . ,"<b>ALICE:</b> I'm just calling to see if you have made any decision about the position . <br><b>BOB:</b>  Sorry , we haven't made the decision at all . <br><b>ALICE:</b>  Do you have any idea when you might arrive at a decision ? <br><b>BOB:</b>  We will let you know probably next Monday . I hope to give you a positive reply . ",ALICE,Okay. No problem., I have no idea when I will hear back from them.  I guess I will just have to wait and see.,"That's great news , thank you so much for letting me know . I really appreciate it .",Good luck to you and the firm!
"['Every time when heroes came back from the battlefield , we took our hats off to them . ']", You were showing respect and admiration for them . ,"<b>ALICE:</b> Every time when heroes came back from the battlefield , we took our hats off to them . ",BOB,I thought that was a pretty cool thing., I bet they were thankful for your sacrifice. What kind of hats did you wear?,I can't believe you're making a joke about war victims!,What did you say to him? It is always so nice to see an enemy come back.
['What time is our connecting flight ? ']," Let me check.Oh , oh ! It ’ s at 3:25 . ",<b>ALICE:</b> What time is our connecting flight ? ,BOB,In 10 mins, It is at 9am. I am so nervous. I have never flown on an airplane before.,It's at 4pm.,You are talking to a friend. Where is your connecting flight from?
['Our toner cartridges are already out of ink ... Could you make an order for a new set ? ']," We will need new cartridges for all of the office printers ? That will be a large order , probably about two or three cases . The office supply store we usually go through might not have that many in stock . ",<b>ALICE:</b> Our toner cartridges are already out of ink ... Could you make an order for a new set ? ,BOB,"Yes. If you PM me your order number please give me a shipping address, I can send you one."," Yes, I will do that as soon as I get home. Thank you for the quick response!",Is there something about ink cartridges that you are not comfortable with ?,I know that we're out of toner cartridges. Could you send me some?
"['Hi , who has the remote control ? ', ' I do . Why , do you want me to change the channel ? ', "" Yes , please . I can't stand watching the channel any more . "", "" I think they have pretty good programmes . But I'll change it if you really want . ""]"," Put it on Channel 5 , OK ? ","<b>ALICE:</b> Hi , who has the remote control ? <br><b>BOB:</b>  I do . Why , do you want me to change the channel ? <br><b>ALICE:</b>  Yes , please . I can't stand watching the channel any more . <br><b>BOB:</b>  I think they have pretty good programmes . But I'll change it if you really want . ",ALICE,"It's alright, they can stay on my channel."," I don't want you to change it, I was just wondering if anyone else had the same problem.","Yes , please . I'd appreciate that .",Do you have a choice?
"['Hi , could we have two orange juice smoothies ? ', ' Would you like those with yogurt ? ']"," Sure , why not ? ","<b>ALICE:</b> Hi , could we have two orange juice smoothies ? <br><b>BOB:</b>  Would you like those with yogurt ? ",ALICE,sure you can have them with any yogurt u want," I would love that! I love yoghurt, especially with fruit in it. What do you like to put in yours?","That sounds good , thank you !",Definitely! Can I have some fruit?
['Where do you want to go ? '], I'm going to the hospital . ,<b>ALICE:</b> Where do you want to go ? ,BOB,"Uhhh, somewhere with food and water. Any place is good."," I am not sure yet, but I am sure I will find a way to make it work.","I don't know, I just want to go somewhere.",Where are you going? You like being alone?
"['What dressing would you like on the salad ? ', ' French dressing , please . ', ' I beg your pardon ? ', ' Oh , French dressing . ', "" Sorry , it's not available now.Anything else ? ""]", We still prefer French dressing . ,"<b>ALICE:</b> What dressing would you like on the salad ? <br><b>BOB:</b>  French dressing , please . <br><b>ALICE:</b>  I beg your pardon ? <br><b>BOB:</b>  Oh , French dressing . <br><b>ALICE:</b>  Sorry , it's not available now.Anything else ? ",BOB,"Well, I do have a list for tonight :D And if you wanna do a salad, you know what you must!"," I would like some french dressing, it is a type of salad dressing that originated in France.","No , that won't work .","No, I'd like some Italian dressing."
['Have you eaten ? '], Not yet . ,<b>ALICE:</b> Have you eaten ? ,BOB,Just drank a large glass of water. No food," Yes, I've eaten, but I'm still hungry. I don't know why.","Yeah, I've had a few things.","Yes, I have. I have a bowl of rice and a bag of chips."
"['Hello . ', ' Hi . It ’ s Tony calling from the dentist ’ s office . Is Lily there ? ', ' No , Lily is not here at the moment . ', ' Could you ask her to call me back when she gets in ? ', ' Sure . What ’ s your number , please . ', ' 519 367 8901 . ', ' Thanks . And your name is Tony , right ? ', ' Yes . I ’ m Tony . Thank you very much . ', ' You ’ re welcome . Bye . ']", Bye . ,"<b>ALICE:</b> Hello . <br><b>BOB:</b>  Hi . It ’ s Tony calling from the dentist ’ s office . Is Lily there ? <br><b>ALICE:</b>  No , Lily is not here at the moment . <br><b>BOB:</b>  Could you ask her to call me back when she gets in ? <br><b>ALICE:</b>  Sure . What ’ s your number , please . <br><b>BOB:</b>  519 367 8901 . <br><b>ALICE:</b>  Thanks . And your name is Tony , right ? <br><b>BOB:</b>  Yes . I ’ m Tony . Thank you very much . <br><b>ALICE:</b>  You ’ re welcome . Bye . ",BOB,And bye!," Yes, I am Tony.  I am a dental hygienist.",Bye .,Bye. Bye.
"['Excuse me . Check please . ', ' OK , how was everything ? ', ' Very nice . Thank you . ', ' Would you like this to-go ? ', ' Yes , can you put it in a plastic bag ? ', "" Sure , no problem . Here you are . That'll be 25 dollars . "", ' Do you take credit cards ? ']"," Yes , we accept Visa and MasterCard . ","<b>ALICE:</b> Excuse me . Check please . <br><b>BOB:</b>  OK , how was everything ? <br><b>ALICE:</b>  Very nice . Thank you . <br><b>BOB:</b>  Would you like this to-go ? <br><b>ALICE:</b>  Yes , can you put it in a plastic bag ? <br><b>BOB:</b>  Sure , no problem . Here you are . That'll be 25 dollars . <br><b>ALICE:</b>  Do you take credit cards ? ",BOB,"Not this time, but the amount can be changed upon request.", I'm not sure what you mean. Are you asking if I have a credit card?,"Yes , we do .","I do not, but you can get a card here."
"['I am so glad I caught you at home . I need your help ! ', "" What's up , Robert ? ""]"," Cafe au lait , cafe latte , cappuccino , cafe mocha ... I can't keep them all straight ! ","<b>ALICE:</b> I am so glad I caught you at home . I need your help ! <br><b>BOB:</b>  What's up , Robert ? ",ALICE,Nothing. He smiles and waves as he begins to walk away.," Not much, just got home from work. How are you?..",I'm in a bit of a bind and I could really use a friend right now.,"Oh, I'm fine. I'll call you when we get home. I'Ve got an assignment to do."
"['Susan is going to get a divorce . ', ' How do you know that ? ']"," She told me that Peter and she has a quarrel last nigh , and she left this morning , bag and baggage . ",<b>ALICE:</b> Susan is going to get a divorce . <br><b>BOB:</b>  How do you know that ? ,ALICE,Probably that it is the most plausible theory.," I don't know for sure, but I feel like it's inevitable at this point.","I just know it. She's been acting really strange lately and she's been distant. Plus, she's been talking about getting a divorce with her fiancé, so I'm pretty sure she's planning to do it.",Because Susan is marrying a millionaire.
"[""We've managed to reduce our energy consumption in our factory by about 15 per cent in the last two years . "", "" That's excellent . How have you managed that ? "", "" Mainly because we've invested in a heat recovery system . "", ' What does that mean exactly ? ', ' Well , we use the exhaust gases from our printing presses to provide energy to heat our dryers . ']", What other sources of energy do you use ? ,"<b>ALICE:</b> We've managed to reduce our energy consumption in our factory by about 15 per cent in the last two years . <br><b>BOB:</b>  That's excellent . How have you managed that ? <br><b>ALICE:</b>  Mainly because we've invested in a heat recovery system . <br><b>BOB:</b>  What does that mean exactly ? <br><b>ALICE:</b>  Well , we use the exhaust gases from our printing presses to provide energy to heat our dryers . ",BOB,"Ah, that makes a lot more sense.", That sounds like a lot of work.  Do you think you'll be able to do it?,Is that environmentally friendly ?,"That's great! If I may ask you something, can you explain more?"
"['What is life ? ', "" Don't ask such a question . You know it has no certain answer . Everyone knows it is in his heart . "", ' Then do you think that life is arranged by something above us . ']"," Maybe , the whirligig of time , who knows ? ",<b>ALICE:</b> What is life ? <br><b>BOB:</b>  Don't ask such a question . You know it has no certain answer . Everyone knows it is in his heart . <br><b>ALICE:</b>  Then do you think that life is arranged by something above us . ,BOB,This is the beginning of a beautiful friendship. I am going to tell him that we're all in his heart... the things that fascinate and unite him.," I don't know, but I do know that there is no right or wrong way to live your life.",I am not sure. what i am sure of is what you are feeling is the fact that we're alive and need to enjoy ourselves now. life is very short and we should make the most of every moment.,The question is not above us. It is in the heart.
"[""Good morning . What's the matter with you ? ""]"," Good morning , doctor . I have a terrible headache . ",<b>ALICE:</b> Good morning . What's the matter with you ? ,BOB,"Well, that was a strange thing to ask. Are you having trouble telling me if I'm a girl or male?", I am having a hard time waking up in the morning. How about you?,"I'm really upset and angry right now. I overslept and my day is going to be ruined because of it. I've been trying to take care of the kids myself, but I can't afford to pay for a babysitter or two. So I'm going to bed early and hoping that my day will get better soon.","I'm very happy with my job, but my wife is unhappy with my attitude."
['The Phoenix team overpowered its counterpart 86 to 50 . '], They're absolutely right to get a replacement for 21 . ,<b>ALICE:</b> The Phoenix team overpowered its counterpart 86 to 50 . ,BOB,and then came the super mario team, I didn't know that. I'll have to check it out. I don't know much about them.,Can you explain your view of phoenix team?,"How did they win that game, in their backyard?"
"['Has Robert ever missed coming to one of our parties ? ', ' Only once or twice at the most . ', ' Do you know why ? ']", I have no idea . ,<b>ALICE:</b> Has Robert ever missed coming to one of our parties ? <br><b>BOB:</b>  Only once or twice at the most . <br><b>ALICE:</b>  Do you know why ? ,BOB,She looks at you unsure., I don't think so. He was always there when we needed him. I miss him a lot.,I'm not sure if it has anything to do with his job or school.,He works and doesn't have the time.
"[""There's a new girl in school , have you seen her yet ? "", "" I haven't seen her yet . "", ' I think that she is very pretty . ', ' Tell me how she looks . ', "" She's kind of short . "", ' What height is she ? ', "" She's probably about five feet . ""]"," That's nice , but tell me what she looks like . ","<b>ALICE:</b> There's a new girl in school , have you seen her yet ? <br><b>BOB:</b>  I haven't seen her yet . <br><b>ALICE:</b>  I think that she is very pretty . <br><b>BOB:</b>  Tell me how she looks . <br><b>ALICE:</b>  She's kind of short . <br><b>BOB:</b>  What height is she ? <br><b>ALICE:</b>  She's probably about five feet . ",BOB,I will just get a box of milk from the local convenience store and make her myself.," I'm not sure how tall she is, but I know she's blonde and pretty.",She sounds really pretty .,What do you think? Do you think she is gay?
"['A friend of mine has been taking an online career planning course these days . He told me the other day he has learned a lot from it . He recommended me to subscribe to it . What do you say ? ', ' I think it is good if we know enough about career planning . We will make wiser choices . What else did he tell you about it ? ', ' Well , just something in general , like several key steps in planning career and how to set specific and tenable goals . ']"," Sounds practical ! To be honest , sometimes I feel puzzled about my future career . I am not sure if this job suits me the best though I work very hard on it and enjoy being a hard worker . I have always wanted to try something else and learn some new skills . ","<b>ALICE:</b> A friend of mine has been taking an online career planning course these days . He told me the other day he has learned a lot from it . He recommended me to subscribe to it . What do you say ? <br><b>BOB:</b>  I think it is good if we know enough about career planning . We will make wiser choices . What else did he tell you about it ? <br><b>ALICE:</b>  Well , just something in general , like several key steps in planning career and how to set specific and tenable goals . ",BOB,"I'm no expert, just that guy who can play. I hope it works out."," That sounds like a good idea, I'll have to look into that. I'm not sure what else he told me about it",It is good to know the basics of career planning so that we can make more informed decisions about our future jobs. it is also good to be aware of current trends and what jobs might be available.,So that is pretty good. We should subscribe to it.
"[""It's quit a big cafeteria , isn't it ? "", ' Sure . I usually have my lunch here . The food is tasty and they offer a big variety . ', "" Let's line up . The steak is very inviting . I'll have it . ""]", I'll have ham and egg with French fries . What dessert do you want ? ,"<b>ALICE:</b> It's quit a big cafeteria , isn't it ? <br><b>BOB:</b>  Sure . I usually have my lunch here . The food is tasty and they offer a big variety . <br><b>ALICE:</b>  Let's line up . The steak is very inviting . I'll have it . ",BOB,I'm down., I love steak. It's one of my favorite foods. Do you like it well done?,I think I'll have the chicken sandwich .,You should try it first. It's delicious.
"[""Only one . But I wanted to make sure I'd get it . "", ' Yeah , I really wanted that Chanel bag , too . But just in case you should bid low . ']", But there are only two more days until the bidding closes ! ,"<b>ALICE:</b> Only one . But I wanted to make sure I'd get it . <br><b>BOB:</b>  Yeah , I really wanted that Chanel bag , too . But just in case you should bid low . ",ALICE,Lol yeah. It's probably going to be a hard thing to keep my mind on for awhile!, I think I am going to go for it.  I can't wait to get it!,Good point . I'll try to keep my bid down . Thanks for the advice !,"I know. I'm sorry, I have a bad memory."
"['Cindy , how come nearly all the prime-time TV shows are comedies ? ', "" That's because Americans love sitcoms . ""]", Sitcoms ? ,"<b>ALICE:</b> Cindy , how come nearly all the prime-time TV shows are comedies ? <br><b>BOB:</b>  That's because Americans love sitcoms . ",ALICE,I wonder if they do the same for comedies," I don't know, but I like them a lot.  Do you have a favorite?",I guess you're right. I just find them funny and I want to watch more.,"Oh, I see. But I don't know if it explains why they love sitcoms more."
['I had an accident . '], That's terrible ! ,<b>ALICE:</b> I had an accident . ,BOB,A accident? what happened? I must of not heard you or something.., Oh no! How did that happen? I am so sorry to hear that!,Are you okay?,Why? Did you die?
"['excuse me , could you tell me which line I ’ m supposed to stand in to buy bubble wrap and to post a package ? ', ' you can buy the bubble wrap here , but you ’ ll have to stand in line over here to post your passage . ']", that ’ s a really long line . How long do you think it ’ ll take to get through all those people ? ,"<b>ALICE:</b> excuse me , could you tell me which line I ’ m supposed to stand in to buy bubble wrap and to post a package ? <br><b>BOB:</b>  you can buy the bubble wrap here , but you ’ ll have to stand in line over here to post your passage . ",ALICE,I appreciate the effort you're putting into all of this., You can buy it at any supermarket or drugstore. It's used to protect packages from damage during transit.,"Ok, thanks. Do you know how long the line is for the bubble wrap?","oh, okay."
['Do you think they two will get married ? ']," Yeah , you can count on it . ",<b>ALICE:</b> Do you think they two will get married ? ,BOB,They'll have to wait for me to get married before i do., I hope so. They have been together for so long. He proposed last year.,"I think they are in love and have a connection, so they should get married.",No. I'm not sure.
"['I need help using the washer and dryer . ', ' Tell me what the problem is . ', "" I can't figure out how to turn them on . "", ' Do you have some quarters ? ', "" I didn't know I needed change . "", ' The washer costs 50 cents and the dryer costs a dollar . ', ' Where do I put the change ? ']"," The quarters go into the slot . You have to push the slot in , and the machine will turn on . ",<b>ALICE:</b> I need help using the washer and dryer . <br><b>BOB:</b>  Tell me what the problem is . <br><b>ALICE:</b>  I can't figure out how to turn them on . <br><b>BOB:</b>  Do you have some quarters ? <br><b>ALICE:</b>  I didn't know I needed change . <br><b>BOB:</b>  The washer costs 50 cents and the dryer costs a dollar . <br><b>ALICE:</b>  Where do I put the change ? ,BOB,Where do you want to put the change?," I do not have a washer or dryer, but I do have a dishwasher.",You put it in the dispenser . Then you wait for the machine to finish its cycle and turn it off .,Place it at the end of the hose and in a pocket.
"['Good afternoon ! Trans Pacific Airline . How can I help you ? ', ' I ’ m calling to cancel my reservation for Trans Pacific Flight 8 on July 19 from Taipei to Minneapolis . Could you please make it for the same flight on August 2 instead of July 19 ? ']"," What ’ s your name , please ? ",<b>ALICE:</b> Good afternoon ! Trans Pacific Airline . How can I help you ? <br><b>BOB:</b>  I ’ m calling to cancel my reservation for Trans Pacific Flight 8 on July 19 from Taipei to Minneapolis . Could you please make it for the same flight on August 2 instead of July 19 ? ,ALICE,I just received confirmation for a refund from the airline about a week ago. Was your flight cancelled as well?," That would be great, thank you so much! I hope you have a good day!",Certainly . Let me pull up your reservation and see if that is possible .,"Yes, that's fine."
"[""I have a complaint to make . The bill you sent me was incorrect . What's more , it isn't the first time "", ' Well , I must apologize , madam . We have new computers here , you know . ']", Don't you think it's about time you got them working properly ? ,"<b>ALICE:</b> I have a complaint to make . The bill you sent me was incorrect . What's more , it isn't the first time <br><b>BOB:</b>  Well , I must apologize , madam . We have new computers here , you know . ",ALICE,I am ashamed of myself.," Oh, I see. Well, I'm sorry to hear that, but I'm glad you were able to resolve the issue.","Yes , but that doesn't change the fact that I've been getting these bills wrong for weeks now . It's frustrating .","Oh, I was just shocked. The price of the room was right."
"['What is your nationality ? ', ' I am Chinese by birth . ']", Where is your domicile place ? ,<b>ALICE:</b> What is your nationality ? <br><b>BOB:</b>  I am Chinese by birth . ,ALICE,I think his point may be more towards nationality than citizenship. It's pretty much a tossup.," I'm American, but I was born and raised in Hong Kong. How about you?",What is it like living in chinese countries ?,Can you tell me more about your family?
"['Like a cat on hot bricks , as you might say . I don ’ t believe you are listening at all . ', ' Sorry , I just worried about him . You know , he should be here an hour ago . ', ' Don ’ t worry him , he has been grown up and I think he can take himself very well . ']", But he still does not come back . ,"<b>ALICE:</b> Like a cat on hot bricks , as you might say . I don ’ t believe you are listening at all . <br><b>BOB:</b>  Sorry , I just worried about him . You know , he should be here an hour ago . <br><b>ALICE:</b>  Don ’ t worry him , he has been grown up and I think he can take himself very well . ",BOB,"Thank you for the correction, but there is no point in correcting someone like that, they make a great father.", I'm sorry to hear that. I hope everything works out for you and him.,"Yeah , you’re probably right .","I am pretty sure that he is the smallest guy I know, you know."
['Do you believe in UFOs ? ']," Of course , they are out there . ",<b>ALICE:</b> Do you believe in UFOs ? ,BOB,I like to believe in the moon.," I don't believe in aliens, but I do believe in unidentified flying objects.",I'm not sure. what do you think about them?,I believe in UFOs. Do you?
"['I often recalled the days when Tom and I were madly in love . ', ' Very romantic ? ', ' Yeah . He always tickled my finny bone with his college stories . ', ' You married him for that reason ? ']", Definitely not . The most important thing was we loved each other . ,<b>ALICE:</b> I often recalled the days when Tom and I were madly in love . <br><b>BOB:</b>  Very romantic ? <br><b>ALICE:</b>  Yeah . He always tickled my finny bone with his college stories . <br><b>BOB:</b>  You married him for that reason ? ,ALICE,I love you too," Yes, he was my best friend and I loved him so much. I miss him a lot.","Of course not ! It wasn't just his college stories . I married him because he was kind and caring , and I wanted to share my life with him .",Yea. He was the best man I ever had.
"['What would you like to eat , sir ? ', ' Scrambled egg , bacon , three pieces of bread and a cup of tea . ', ' Would you care for some lemon for your tea ? ']"," No , thank you . ","<b>ALICE:</b> What would you like to eat , sir ? <br><b>BOB:</b>  Scrambled egg , bacon , three pieces of bread and a cup of tea . <br><b>ALICE:</b>  Would you care for some lemon for your tea ? ",BOB,"Coffee, sir?"," I would love some tea right now, thank you! I am a ma'am.",Yes please . Thank you .,"I would like to add some lemon to the tea, please."
['How about another beer ? ']," No , thanks . I've had more than enough.In fact , I must be running along . ",<b>ALICE:</b> How about another beer ? ,BOB,"What else would you want to be out drinking? I'm not the king of drinks, after all."," I don't drink beer, but I might have a glass of wine. I'm trying to cut back.","Thanks , but I'm going to stay sober for the rest of the night. I don't want to get too drunk and make bad decisions.",No thanks. It is not a good idea.
"['Have you heard what happened ? ', ' Heard what ? ', ' Deborah already had her baby . ', "" I didn't know that . "", ' I thought you knew . ', "" I honestly didn't know . "", ' The baby was 8 pounds 6 ounces . ']", That's good to hear . ,<b>ALICE:</b> Have you heard what happened ? <br><b>BOB:</b>  Heard what ? <br><b>ALICE:</b>  Deborah already had her baby . <br><b>BOB:</b>  I didn't know that . <br><b>ALICE:</b>  I thought you knew . <br><b>BOB:</b>  I honestly didn't know . <br><b>ALICE:</b>  The baby was 8 pounds 6 ounces . ,BOB,You should go to the hospital, I did not know that either.  I thought she was still pregnant. I don't know why.,"Oh my gosh , that's amazing !",It was a baby.
"[""Hi , there . Look at these . I have collected some ads here . There is a special promotion for Mother's Day this weekend . "", "" Oh , yes . Mother's Day is coming . Do you plan to buy anything ? ""]"," Of course . I want to buy some night cream for my mom , and some masques for myself . ","<b>ALICE:</b> Hi , there . Look at these . I have collected some ads here . There is a special promotion for Mother's Day this weekend . <br><b>BOB:</b>  Oh , yes . Mother's Day is coming . Do you plan to buy anything ? ",ALICE,i dunno i've been looking forward to the holiday season to spend all of it with you. I had to work last night and it's getting tough., I am not sure yet. I think I am going to wait and see what the sales are like.,"Yes , I think I will buy a new scarf and some jewelry . What about you ? Are you going to be buying anything ?","No, I have to work today. How about some gifts?"
"['How are you today ? ', ' Great , thanks . ', ' Can I help you ? ', ' I would actually like to view the apartment for rent today . ', ' I ’ m sorry , but you won ’ t be able to view it today . ', ' Why not ? ', ' You have to make an appointment first . ', ' Oh , okay . Can I do that right now ? ', ' Is this Friday okay ? ']", Is 6 o ’ clock Friday evening okay ? ,"<b>ALICE:</b> How are you today ? <br><b>BOB:</b>  Great , thanks . <br><b>ALICE:</b>  Can I help you ? <br><b>BOB:</b>  I would actually like to view the apartment for rent today . <br><b>ALICE:</b>  I ’ m sorry , but you won ’ t be able to view it today . <br><b>BOB:</b>  Why not ? <br><b>ALICE:</b>  You have to make an appointment first . <br><b>BOB:</b>  Oh , okay . Can I do that right now ? <br><b>ALICE:</b>  Is this Friday okay ? ",BOB,Alright. My gates are open," Sure, what do you want to know about it? Do you have any questions?","Yes , that sounds fine . Thank you !",Ok. I will call you next week.
"['Want to send out for some Chinese ? ', ' Some what ? ', "" Some Chinese food . I'm hungry , and there's a take-out restaurant near here . We can have them deliver and then watch the news on TV while we eat . "", "" No , I'd rather go out . The Chinese food here is rather different from what I had at home . Maybe we can try some other food today ... What about that all-you-can-eat place we passed the other day , the one over in the shopping center ? "", "" Okay . I could go for that . It's called Al's Steakhouse . They also have great fried fish , and I love their salad bar . You can go back to refill your plate as often as you like . ""]", Is that the place that serves such large portions of meat ? ,"<b>ALICE:</b> Want to send out for some Chinese ? <br><b>BOB:</b>  Some what ? <br><b>ALICE:</b>  Some Chinese food . I'm hungry , and there's a take-out restaurant near here . We can have them deliver and then watch the news on TV while we eat . <br><b>BOB:</b>  No , I'd rather go out . The Chinese food here is rather different from what I had at home . Maybe we can try some other food today ... What about that all-you-can-eat place we passed the other day , the one over in the shopping center ? <br><b>ALICE:</b>  Okay . I could go for that . It's called Al's Steakhouse . They also have great fried fish , and I love their salad bar . You can go back to refill your plate as often as you like . ",BOB,C," I love chinese food, it is one of my favorite foods.  I would love to go to that all you can eat chinese restaurant.",Perfect ! Let's go there then .,Al's? What a lovely name.
"['Do you have something to read ? ', ' Yes , I do . ', ' Could you lend me one ? ', ' OK . Here you are . ', "" Thanks . It's rather cold this morning , wouldn't you say ? "", "" You're right . ""]", Do you know the news ? ,"<b>ALICE:</b> Do you have something to read ? <br><b>BOB:</b>  Yes , I do . <br><b>ALICE:</b>  Could you lend me one ? <br><b>BOB:</b>  OK . Here you are . <br><b>ALICE:</b>  Thanks . It's rather cold this morning , wouldn't you say ? <br><b>BOB:</b>  You're right . ",ALICE,That's a relief, I would love to lend you a book. Do you want a physical book or e-book?,I think I'll take a walk soon. Do you want to come with me ?,I've got a lot to read this morning.
"[""It's quiet everywhere in winter . "", ' Yes . I like winter . ', ' Me too . ', "" It's snowing heavily . What about taking a walk ? "", "" That's a good idea . Let's go ! "", ' What a heavy snow ! Look ! The water is frozen . ', "" Take care ! Don't slip on the ground . "", "" I've got it . I like the feeling of stepping on the ice . "", ' Yes . Very wonderful . ', ' There is a snowman over there . ']", How lovely it is ! ,<b>ALICE:</b> It's quiet everywhere in winter . <br><b>BOB:</b>  Yes . I like winter . <br><b>ALICE:</b>  Me too . <br><b>BOB:</b>  It's snowing heavily . What about taking a walk ? <br><b>ALICE:</b>  That's a good idea . Let's go ! <br><b>BOB:</b>  What a heavy snow ! Look ! The water is frozen . <br><b>ALICE:</b>  Take care ! Don't slip on the ground . <br><b>BOB:</b>  I've got it . I like the feeling of stepping on the ice . <br><b>ALICE:</b>  Yes . Very wonderful . <br><b>BOB:</b>  There is a snowman over there . ,ALICE,Wats your name?, I love walking in the snow. It's so peaceful and quiet..,It's very big ! I like to build snowmen .,"Oh, it is a snowman. It's so cute."
"[""Mary , it's good to see you ! "", "" Josh and I were just on our way back home from the beach and thought we'd drop by . "", ' I am so glad that you decided to stop by ! ', ' Yes , it has been a long time since we have seen you . ']"," Mary , can I get Josh or you something to drink ? ","<b>ALICE:</b> Mary , it's good to see you ! <br><b>BOB:</b>  Josh and I were just on our way back home from the beach and thought we'd drop by . <br><b>ALICE:</b>  I am so glad that you decided to stop by ! <br><b>BOB:</b>  Yes , it has been a long time since we have seen you . ",ALICE,How is it? I feel like you've been gone for a long time. What was the last time you had a boyfriend?, It has been awhile! How have you been?    +/u/dogetipbot 10 doge,It sure has . But it is nice to finally catch up . So what have you been up to lately?,"Yes, it really has."
['I just have to come up for air . I ’ Ve been here for too long a time . '], OK . You ’ d better come back in two hours . ,<b>ALICE:</b> I just have to come up for air . I ’ Ve been here for too long a time . ,BOB,"So this s not just me then, apparently...", I'm sorry to hear that. Is there anything I can do to help?,Do you really think that your current situation is so bad that it warrants a mental health evaluation?,I want to be here forever.
['He said I have a big nose . I wonder what that means . ']," You are interested in other people ’ s business , aren ’ t you ? ",<b>ALICE:</b> He said I have a big nose . I wonder what that means . ,BOB,I am your biggest...," It means that you have a prominent nose, which is a characteristic feature of a person.",Why would that make him say that to you?,It means that you have a big nose. He's referring to your nose as a'round hole '.
"[""Why aren't you doing well in the class ? ""]", The material is so abstract that I have trouble understanding it . ,<b>ALICE:</b> Why aren't you doing well in the class ? ,BOB,I'm not good with writing stuff. I don't know enough about it to get a grade., I'm not sure. I think it's because I haven't studied as much as I should have.,"I don't know, I just can't focus on the material.","Oh, the teacher just told me that I need to learn some more."
"['What kind of permanent would you like to have ? ', ' what kinds do you have ? ']"," Oh , yeah , It ’ s quite of variety . Regular , cold perm , straight perm , pink curl and form . ",<b>ALICE:</b> What kind of permanent would you like to have ? <br><b>BOB:</b>  what kinds do you have ? ,ALICE,"That's what I'm going to write, thanks for the interest, but I'll pass.", I would like to get a portrait of my wife and I on my ankle.,"I am not sure. i am thinking i might want to have a hair upstyle, but i don't know. there is so many options and i feel a little overwhelmed.",What kind would you like?
['Where do you plan to go this winter ? ']," Alps , suppose . ",<b>ALICE:</b> Where do you plan to go this winter ? ,BOB,Going to be in Denver!, I'm going to the beach. I love the water and the sand. I can't wait,I'm not really sure i have any idea yet. i haven't done much research.,"I don't know yet. I've got a big list of places I want to go this winter, but it's not easy."
"['Come to think of it , you should get out your English books and catch up on your reading assignments . ', "" But I don't have any reading assignments . ""]", Then review for your test . You'll do even better . And maybe reading will help you get to sleep . ,"<b>ALICE:</b> Come to think of it , you should get out your English books and catch up on your reading assignments . <br><b>BOB:</b>  But I don't have any reading assignments . ",ALICE,Go to the back page where all of the assignments are. It's under the assigned number., That's a shame.  Reading is a great way to expand your vocabulary.,Are you kidding me? There are over one hundred pages of reading assigned in this course!,"Well, just grab your english textbooks and get them out. They will really help you understand the language better."
"[""Professor , I've handed in my paper . Did you read it ? ""]", Yes . You've done a good job . But there's one thing . You should narrow down your topic . ,"<b>ALICE:</b> Professor , I've handed in my paper . Did you read it ? ",BOB,I think that was a reference to that one weird thing.," Yes, I read it.  It was very good.  I think you did a great job.","Yes , I did . And I was very impressed with your argument and your conclusion . Your paper was well-written and very well-researched. I commend you for your hard work.",Quite. But I forgot about it.
"['Who gave my dog this cooked chicken bone ? ', ' I did . Why ? ']", Didn't you know dogs shouldn't eat cooked chicken bones because they're bad for their stomachs ? ,<b>ALICE:</b> Who gave my dog this cooked chicken bone ? <br><b>BOB:</b>  I did . Why ? ,ALICE,Because I like what you made.," I don't know, but I hope you didn't give it to your dog.",He's sick. And it smells really bad.,You didn't? What did you do?
"['I have learnt how to ride a bicycle . I plan to go to the Water Park by bike this weekend . ', "" Well , you know , the traffic in Beijing is sometimes dangerous . Therefore , I have to remind you of something . First , you should obey the traffic rules , don't break in the red light . Second , don't play a joke with your friends when riding on the bike . Third , do not hurry up when riding , or would make an accident . Finally , remember come on the left and go on the right ! ""]"," Oh , my dear sister , I am no longer a baby ! ","<b>ALICE:</b> I have learnt how to ride a bicycle . I plan to go to the Water Park by bike this weekend . <br><b>BOB:</b>  Well , you know , the traffic in Beijing is sometimes dangerous . Therefore , I have to remind you of something . First , you should obey the traffic rules , don't break in the red light . Second , don't play a joke with your friends when riding on the bike . Third , do not hurry up when riding , or would make an accident . Finally , remember come on the left and go on the right ! ",ALICE,No no he's right. Everyone riding to work is doing that in an accident., I'm sure you'll be fine.  Bikes are much safer than cars.,"Yeah , yeah , I know all that . Thanks for reminding me !","Well, that is so true. Do you know which kind of bicycle you should ride?"
"['Have you ever shopped online ? ', ' Quite often . It is very convenient , saving me a lot of time . ', ' Do you have some experiences to share with me ? I want to have a try . ', ' You are asking the right person . Here are two very important tips . First , you need to visit no more than one site to find the best products and prices . I can recommend you some online merchants . Second , write your mail address correctly . Otherwise , you can ’ t receive your delivery in time . ']", What about the registration procedure ? Is that complicated ? ,"<b>ALICE:</b> Have you ever shopped online ? <br><b>BOB:</b>  Quite often . It is very convenient , saving me a lot of time . <br><b>ALICE:</b>  Do you have some experiences to share with me ? I want to have a try . <br><b>BOB:</b>  You are asking the right person . Here are two very important tips . First , you need to visit no more than one site to find the best products and prices . I can recommend you some online merchants . Second , write your mail address correctly . Otherwise , you can ’ t receive your delivery in time . ",ALICE,"Yeah, I should probably just do it online."," Yes, I have used Shopify before. It's a great platform for e-commerce.",Thanks for the advice ! I will definitely keep those in mind .,Can you give me any practical advice for this?
"['Are these the clothes you want to have washed ? ', ' Yes . When can I get them back ? ', ' Well , if they are collected right now , you can get them back tonight . ']"," That's fine . By the way , please have that suit dry cleaned . ","<b>ALICE:</b> Are these the clothes you want to have washed ? <br><b>BOB:</b>  Yes . When can I get them back ? <br><b>ALICE:</b>  Well , if they are collected right now , you can get them back tonight . ",BOB,"Alright, thx!"," Yes, they are my favorite pair of jeans.  I am going to be so mad if I can't find them.",That sounds great . I'll just go ahead and give you my number so you can contact me if anything comes up.,OK. I'll call the laundry.
"['Come in , come in ! ', ' Hi , Gary , what happened ? I was waiting for you at the theater . Why didn ’ t you meet me there ? ']", I thought we were supposed to meet here . ,"<b>ALICE:</b> Come in , come in ! <br><b>BOB:</b>  Hi , Gary , what happened ? I was waiting for you at the theater . Why didn ’ t you meet me there ? ",ALICE,I didn't see you.," I was out of town, but I will make it up to you soon.","I’m sorry , I got held up at work . My boss needed me to stay a little longer to finish up some paperwork . But I promised I would meet you at the theater as soon as possible !",I just got home. I'm sorry.
"[""Wei ! This is a first-you didn't bargain ! "", "" Bargain ? I'd feel way too guilty . "", ' But you could have saved money . ']"," From a sweet ma ? ! It's not worth it . Plus , I'd happily pay more for these things I bought ! ",<b>ALICE:</b> Wei ! This is a first-you didn't bargain ! <br><b>BOB:</b>  Bargain ? I'd feel way too guilty . <br><b>ALICE:</b>  But you could have saved money . ,BOB,He didn't say he was saving money.," I know, I should have, but I didn't want to feel like I was taking advantage of him.","I know, but it's just not worth it to me. I'd rather keep a lot of money for myself than try and make another dollar off of someone else.",Then I'd rather spend my money on a better meal.
"[""What's that book you have under your arm ? "", "" It's the best seller everyone's been talking about for the last six months . "", "" How in the world did you get a copy ? I've put a hold on it at the public library for weeks and I'm still waiting my turn . ""]", I checked it out of the rental library . It only costs five cents a day . ,<b>ALICE:</b> What's that book you have under your arm ? <br><b>BOB:</b>  It's the best seller everyone's been talking about for the last six months . <br><b>ALICE:</b>  How in the world did you get a copy ? I've put a hold on it at the public library for weeks and I'm still waiting my turn . ,BOB,"He had a big sale. I know some people have a copy, but I don't know why everyone is freaking out about it.", I found it at a used bookstore. It's a collection of poetry.,I lucked out . My friend recommended it to me and I've been dying to read it ever since .,I bought it at a used bookstore when it first came out.
"['Good afternoon , welcome to IBA . How can I be of service ? ', "" I'd like to talk to somebody about the Group Account Deposit Service . ""]", This refers to the deposit business offered to the level 1 account of group companies . ,"<b>ALICE:</b> Good afternoon , welcome to IBA . How can I be of service ? <br><b>BOB:</b>  I'd like to talk to somebody about the Group Account Deposit Service . ",ALICE,"I did a little while ago, no responses"," Hi, I am an IBanking Consultant.  What do you want to know?","Sure , what would you like to know ?","... That's great, I'll let you know what's up."
['How you celebrate your Valentine ’ s Day with your wife ? '], I will take a rain check . ,<b>ALICE:</b> How you celebrate your Valentine ’ s Day with your wife ? ,BOB,By eating pasta., We are going out to dinner and then to a movie. We have been together for a long time so we don't feel the need to do anything extravagant.,What do you mean? what are your plans for it?,We take our wives to the cinema and go to the valentine's movie with our husbands.
"[""Well , I'm afraid I must be going now . I have no idea it was so late . ""]", Stay for dinner with us . ,"<b>ALICE:</b> Well , I'm afraid I must be going now . I have no idea it was so late . ",BOB,"Alright, sounds like a good plan. Let me know if you need more guidance. I could give you more help.", I'm sorry to hear that. I hope everything turns out well for you. I don't know what to say.,"You look exhausted . Here, let me help you to your car .",What's your name?
"['Would you like to order now ? ', "" Yes . I'll have the shrimp cocktail to start . "", ' What would you like for your main course ? ']"," I'll have a steak , medium rare . ",<b>ALICE:</b> Would you like to order now ? <br><b>BOB:</b>  Yes . I'll have the shrimp cocktail to start . <br><b>ALICE:</b>  What would you like for your main course ? ,BOB,Favourite food?, I would like a steak with mashed potatoes and a baked potato.,I'm not sure. What do you recommend?,I'd like a steak.
"['I am so happy to know that the promotion campaign for our new product is very successful . We just made a record sale this season . ', ' That is very encouraging news . I heard that the marketing department has done a three months research , they sent the feedback information to the research and development center by the end of every month . That is to say , the R & D center redesigned the product twice before it was launched into the market . ']", It is not an easy job . How do you like the advertisement for the new product ? ,"<b>ALICE:</b> I am so happy to know that the promotion campaign for our new product is very successful . We just made a record sale this season . <br><b>BOB:</b>  That is very encouraging news . I heard that the marketing department has done a three months research , they sent the feedback information to the research and development center by the end of every month . That is to say , the R & D center redesigned the product twice before it was launched into the market . ",ALICE,They have a new team that looks at the new products before they put them on the shelves., That's great!  What kind of product is it?  Is it a new?,"Yes, that is correct . The R & D center is always working on improving our products and making sure that they are the best they can be . I think that is one of the things that makes our company so successful – our focus on improvement and innovation .",I think you are right. I think the R & D center is very much needed now. I think the promotion campaign has made the product more popular and the sales are on the rise.
"[""Hi , Kenny . Let's go for a drink . "", ' Sounds good . Where are we going ? ', "" Somewhere new . It's a great place to pick up chicks . "", ' Need a new . girlfriend , huh ? ', ' Yeah , I broke up with Lisa.She blew a gasket over it . Whoa , get a load of that ! ', ' Whew ! That getup is terrific ! ', "" Never mind the getup.She ' s beautiful ! "", ' That too . ', "" I'm gonna introduce myself . ""]"," If you're lucky , that might do the trick . ","<b>ALICE:</b> Hi , Kenny . Let's go for a drink . <br><b>BOB:</b>  Sounds good . Where are we going ? <br><b>ALICE:</b>  Somewhere new . It's a great place to pick up chicks . <br><b>BOB:</b>  Need a new . girlfriend , huh ? <br><b>ALICE:</b>  Yeah , I broke up with Lisa.She blew a gasket over it . Whoa , get a load of that ! <br><b>BOB:</b>  Whew ! That getup is terrific ! <br><b>ALICE:</b>  Never mind the getup.She ' s beautiful ! <br><b>BOB:</b>  That too . <br><b>ALICE:</b>  I'm gonna introduce myself . ",BOB,Nice to meet you!," I know, right? She's so cute. I can't wait to see her again.",Sounds good to me.,Here. I'm a girl named Kim.
"['hi , Bob , I am so glad that you came . ', "" of course I'd come . I couldn't think of a better chance to see all my old friends . "", "" yeah . It's hard to believe that it's been ten years since graduation . It feels just yesterday we collected our diplomas . "", ' how time flies . But hey , how are things going with you ? ']"," oh , where to start ? There have been ups and downs . I'm still trying to find my place in this world . It's only recently that I've been able to start settling down . How about you ? You still with Jenn ","<b>ALICE:</b> hi , Bob , I am so glad that you came . <br><b>BOB:</b>  of course I'd come . I couldn't think of a better chance to see all my old friends . <br><b>ALICE:</b>  yeah . It's hard to believe that it's been ten years since graduation . It feels just yesterday we collected our diplomas . <br><b>BOB:</b>  how time flies . But hey , how are things going with you ? ",ALICE,"They're good, I guess. And you?", It has been a long time since I graduated high school.  I can't believe it has been 10 years.,"Things are going well . I just graduated from college and I am starting my career in marketing . It's been a lot of hard work , but it's been very rewarding .","it's been great, we have made a lot of new friends, but it's hard to stay good friends with them."
"['I am calling to find out why I didn ’ t receive an unemployment check this week . ', ' Did you send in your Continued Claim Form for the last period ? ', ' I think I forgot to send it in ! ']", You need to be very careful to send that form in every two weeks if you want to get paid . ,<b>ALICE:</b> I am calling to find out why I didn ’ t receive an unemployment check this week . <br><b>BOB:</b>  Did you send in your Continued Claim Form for the last period ? <br><b>ALICE:</b>  I think I forgot to send it in ! ,BOB,That is usually why you get stopped by a PO.," No, I did not. I didn't think I was eligible for it anyway.",It is not good to forget to send in forms. you will miss out on your benefits if you don’t follow up on them.,Is your employer claiming unemployment?
"['You would be using mainly English in this job . Do you think you could manage ? ', ' Yes , I am sure I can . ', ' Do you think you are proficient in both written and spoken English ? ', ' Yes , I think I am quite proficient in both written and spoken English . ']", Do you think you can make yourself understood in English with ease ? ,"<b>ALICE:</b> You would be using mainly English in this job . Do you think you could manage ? <br><b>BOB:</b>  Yes , I am sure I can . <br><b>ALICE:</b>  Do you think you are proficient in both written and spoken English ? <br><b>BOB:</b>  Yes , I think I am quite proficient in both written and spoken English . ",ALICE,Are you a tutor?, I think so. I've been studying it since I was a child. I'm pretty good at it.,"It would be good to have that proficiency when applying for jobs . A lot of times jobs require that you know a second language, but it would help your application stand out if you had that proficiency.",I see. Is it possible to find another job in this company?
"['Boy , it looks like everyone in your family is here , from young to old . ', "" Easter's a good day for reunions . The family goes to church together . "", ' And after church they come here for lunch ? ', ' Yup , a big potluck buffet . And then-notice there are no children around ? ']"," Yeah , what's up with that ? ","<b>ALICE:</b> Boy , it looks like everyone in your family is here , from young to old . <br><b>BOB:</b>  Easter's a good day for reunions . The family goes to church together . <br><b>ALICE:</b>  And after church they come here for lunch ? <br><b>BOB:</b>  Yup , a big potluck buffet . And then-notice there are no children around ? ",ALICE,It is also in the middle of a winter rain. I wouldn't worry about that., That is a good point. I didn't even think about that. I am the oldest,You know I've always liked families where everyone is on good terms .,"We eat a lot of meats and veggies, too. And then, we go to dinner. But we all eat together."
"['what was your wedding ceremony like , Abigail ? ', ' my husband and I got married in a registry office with just two friends there as witnesses . But then we had three parties to celebrate . ', "" three parties ? That's quite a lot . That must have been expensive ! "", "" well , since my husband and I are from two different countries , and we live in a third country , we decided to have one in each country . It wasn't actually that expensive . "", "" were your parents upset that they weren't there to see you get married ? ""]"," I would have liked them to be there , but they couldn ’ t afford to fly out to see us , and we couldn't afford to fly out to see them , so they understood . ","<b>ALICE:</b> what was your wedding ceremony like , Abigail ? <br><b>BOB:</b>  my husband and I got married in a registry office with just two friends there as witnesses . But then we had three parties to celebrate . <br><b>ALICE:</b>  three parties ? That's quite a lot . That must have been expensive ! <br><b>BOB:</b>  well , since my husband and I are from two different countries , and we live in a third country , we decided to have one in each country . It wasn't actually that expensive . <br><b>ALICE:</b>  were your parents upset that they weren't there to see you get married ? ",BOB,In a weird way yes... lol...," Yes, they were upset that I didn't have a wedding in their home country. ","No , they were actually really supportive . They knew that they could help us celebrate by sending flowers and gifts from each country . They didn't want us to feel like we were missing out on anything important.","yes, but they were not disappointed at all. In fact, my parents wanted me to make sure they were there."
"[""Oh , my God . I can't take it any more . "", "" What's wrong , honey ? Take it easy . "", "" I am tired of doing that boring work . I just repeat doing counting everyday . It's so terrible . "", ' Me too . But I think we can do something else for a change . ', "" You know I work with my professional knowledge not passion . Sometimes I don't know what the meaning of working is ? "", ' But you did a good job . You always perform the best in our company . ', "" Yes , that's in the past . Maybe I need to go to my psychologist for help . "", "" Perhaps you've just tired and you need a vacation . "", ' I was full of ambitions before . But now I have no aim for my career . ', ' Maybe we should keep on studying to enrich our knowledge and make our life exciting . ', "" That sounds interesting . But I don't know how to do that . "", ' How about a training course ? ', ' A training course ? That must be costly . ', "" But it's worth it . Maybe it can get us into a good mood and also helps us learn something to use for the future . "", "" OK , let's have a try . ""]", OK . ,"<b>ALICE:</b> Oh , my God . I can't take it any more . <br><b>BOB:</b>  What's wrong , honey ? Take it easy . <br><b>ALICE:</b>  I am tired of doing that boring work . I just repeat doing counting everyday . It's so terrible . <br><b>BOB:</b>  Me too . But I think we can do something else for a change . <br><b>ALICE:</b>  You know I work with my professional knowledge not passion . Sometimes I don't know what the meaning of working is ? <br><b>BOB:</b>  But you did a good job . You always perform the best in our company . <br><b>ALICE:</b>  Yes , that's in the past . Maybe I need to go to my psychologist for help . <br><b>BOB:</b>  Perhaps you've just tired and you need a vacation . <br><b>ALICE:</b>  I was full of ambitions before . But now I have no aim for my career . <br><b>BOB:</b>  Maybe we should keep on studying to enrich our knowledge and make our life exciting . <br><b>ALICE:</b>  That sounds interesting . But I don't know how to do that . <br><b>BOB:</b>  How about a training course ? <br><b>ALICE:</b>  A training course ? That must be costly . <br><b>BOB:</b>  But it's worth it . Maybe it can get us into a good mood and also helps us learn something to use for the future . <br><b>ALICE:</b>  OK , let's have a try . ",BOB,So., I feel the same way. I just don't feel like I'm doing a good enough job.,Great ! I'll look into it and let you know when I find something interesting .,Let's get started. I promise we'll have a good time.
"['Can you help me plan the office party ? ', ' Sure . What do you need the most help with , the food or entertainment ? ', ' I need help with food . ', "" OK , well , let's coordinate our efforts . Should this party be formal or casual ? "", ' I think it should be casual . ', ' I agree . Next , we have to decide on food . We have a choice of Chinese or Continental Cuisine . Which one should we have ? ', ' I would prefer Chinese food for this party . ', ' Perfect choice . For music , should we have a live band or a DJ ? ', ' I think we should hire a live band . ']"," OK then . Well , I will work on my part and get back to you with my progress on Friday . ","<b>ALICE:</b> Can you help me plan the office party ? <br><b>BOB:</b>  Sure . What do you need the most help with , the food or entertainment ? <br><b>ALICE:</b>  I need help with food . <br><b>BOB:</b>  OK , well , let's coordinate our efforts . Should this party be formal or casual ? <br><b>ALICE:</b>  I think it should be casual . <br><b>BOB:</b>  I agree . Next , we have to decide on food . We have a choice of Chinese or Continental Cuisine . Which one should we have ? <br><b>ALICE:</b>  I would prefer Chinese food for this party . <br><b>BOB:</b>  Perfect choice . For music , should we have a live band or a DJ ? <br><b>ALICE:</b>  I think we should hire a live band . ",BOB,I ll get the band.," I love chinese food, but I don't know how to make it.  Do you have a recipe?","OK , we can look into hiring a live band . Now , let's see if we can get some free publicity for the party by posting some flyers around town .","OK, let's organize the food."
['I was surprised to see how few people you have on-site . You provide a wide range of goods and services but have a very small workforce . ']," It depends on the time of year . At peak times we hire in casual workers to help with packing and dispatch . We also contract out certain services all year round , for example , cleaning . We run a very tight operation ! ",<b>ALICE:</b> I was surprised to see how few people you have on-site . You provide a wide range of goods and services but have a very small workforce . ,BOB,"I think its actually a pretty decent job to be honest, just a lot of work."," Yes, we are a small company.  We don't have a lot of employees, but we do it all ourselves.","Yes, we are very efficient in the way we operate. We use technology and remote monitoring to keep costs down.","Yeah, I know. It's not that simple. I had a few people on the payroll but none of them stayed long enough to see a job."
"[""Hello , Jack . I'm John . "", "" I'm glad to see you ! "", ' Sit down , please . Maybe you have read the contract , but I want to give you the details again before you sign the contract . You must have a three-month internship . ', ' Yes , I know . ', ' When you become a permanent employee , you will have the insurances . You will get monthly pay and will be on eight-hour / day work shift . ', ' Wait , will I have five insurances and one fund ? ', ' Yes . You can also enjoy legal holidays and year-end bonus . ', ' It sounds great ! ', ' If you need to work overtime , you will get twice the usual salary as overtime pay . ', ' OK . ', ' You have read the relevant terms of the contract . Do you have other questions ? ']", How long will the induction training be ? ,"<b>ALICE:</b> Hello , Jack . I'm John . <br><b>BOB:</b>  I'm glad to see you ! <br><b>ALICE:</b>  Sit down , please . Maybe you have read the contract , but I want to give you the details again before you sign the contract . You must have a three-month internship . <br><b>BOB:</b>  Yes , I know . <br><b>ALICE:</b>  When you become a permanent employee , you will have the insurances . You will get monthly pay and will be on eight-hour / day work shift . <br><b>BOB:</b>  Wait , will I have five insurances and one fund ? <br><b>ALICE:</b>  Yes . You can also enjoy legal holidays and year-end bonus . <br><b>BOB:</b>  It sounds great ! <br><b>ALICE:</b>  If you need to work overtime , you will get twice the usual salary as overtime pay . <br><b>BOB:</b>  OK . <br><b>ALICE:</b>  You have read the relevant terms of the contract . Do you have other questions ? ",BOB,this answer?," Yes, you will be provided with health insurance and a 401(k) plan.","Yes , actually . How long will the internship last ?",Yes. I do. I'll be back soon.
"['It is too bad today . ', ' What happened ? ', ' My som was lost . I told him to stand rooted to the spot when I went shopping , but he ignored it . ']", How did you find him at last ? ,"<b>ALICE:</b> It is too bad today . <br><b>BOB:</b>  What happened ? <br><b>ALICE:</b>  My som was lost . I told him to stand rooted to the spot when I went shopping , but he ignored it . ",BOB,Oh.. It really is unfortunate.., I'm sorry to hear that. Did you find your sibling? ,"It's okay, i'm sure he'll remember to do that the next time you're at the store.",He should be in the hospital.
['I am sorry to have kept all of you waiting . I was delayed by something urgent . ']," You are not late , Mr . Thomas . There're still 15 minutes to go . Mr . White has just called you . ",<b>ALICE:</b> I am sorry to have kept all of you waiting . I was delayed by something urgent . ,BOB,Alright thank you for your understanding., Oh no! I'm sorry to hear that. I hope everything is okay.,Is there anything you need?,What did that sound like?
"['Has your company been affected much by government legislation ? ', "" Yes , we have . We've had to clean up our production process a lot to meet tough government standards . ""]", What about your use of raw materials ? ,"<b>ALICE:</b> Has your company been affected much by government legislation ? <br><b>BOB:</b>  Yes , we have . We've had to clean up our production process a lot to meet tough government standards . ",ALICE,I feel you.," Yes, we have.  We have a lot of government regulations that we have to follow.","Do you think this has been good for your company? I mean, your profits have probably gone up because you've been able to meet these new standards.",How much have you changed in the last three years?
['You have been here for how long ? Four months now ? ']," Yeah , about . ",<b>ALICE:</b> You have been here for how long ? Four months now ? ,BOB,"Only been here for 2 and a half, and a part of another 3.", I've been here since August of last year. I like it a lot.,"Yeah , that's right . It feels like forever though, don't you think ?","Four months. I have a lot of family in the city, which is a big plus."
"[""I'm sorry , but I can't find the book you lent me . "", "" Oh , that's all right . ""]", I must apologize . I'll buy you a new one tomorrow . ,"<b>ALICE:</b> I'm sorry , but I can't find the book you lent me . <br><b>BOB:</b>  Oh , that's all right . ",ALICE,Are you guys really that close?, I am sorry to hear that. I hope you find it soon. ,"I looked everywhere for it , but I still can't find it .",Thank you. What would you like?
"['Do you have a free moment ? ', ' Sure . What do you need ? ', "" I'm having some trouble . How do you use this printer ? "", ' Well , first you have to turn this switch on . ']", Silly me . ,"<b>ALICE:</b> Do you have a free moment ? <br><b>BOB:</b>  Sure . What do you need ? <br><b>ALICE:</b>  I'm having some trouble . How do you use this printer ? <br><b>BOB:</b>  Well , first you have to turn this switch on . ",ALICE,I just opened a gate! Come on in," I need a new printer, but I don't know which one to get.",Okay .,I will. I'm not sure how to do that.
"['Do you understand any other foreign languages besides English ? ', ' Yes , I know a little about Japanese which is similar to Chinese not only in culture but in language itself . ']", What band did you pass in Japanese Language Proficiency Test ? ,"<b>ALICE:</b> Do you understand any other foreign languages besides English ? <br><b>BOB:</b>  Yes , I know a little about Japanese which is similar to Chinese not only in culture but in language itself . ",ALICE,Thank you very much for your help. You are really helpful.," I understand a little bit of Mandarin Chinese, which is the second most spoken language in the world.","That's interesting, aren't you? i would love to learn it one day. what do you like about japanese culture?",Can you speak Japanese? I would like to.
"[""You mustn't touch the wet paint , Bill . ""]", I'm sorry . I won't do it again . ,"<b>ALICE:</b> You mustn't touch the wet paint , Bill . ",BOB,That s not wet paint, I'm not sure what you mean by that. I don't know who Bill is.,Why not?,I'm not a fan of our friend.
"['So what do you think of my new dress ? ', "" I think it's great ! I really like the color , and it goes really well with your eyes . I've actually been eyeing that dress at Maxine's for a while now , but I wasn't sure I could afford ninety-five dollars for a dress at the moment . ""]"," Um , ninety-five dollars ? ","<b>ALICE:</b> So what do you think of my new dress ? <br><b>BOB:</b>  I think it's great ! I really like the color , and it goes really well with your eyes . I've actually been eyeing that dress at Maxine's for a while now , but I wasn't sure I could afford ninety-five dollars for a dress at the moment . ",ALICE,"Thanks so much! And yeah, it does... it's pricey!", I love it! It's very flattering on you. I hope you love it as much as I do!,"Well , I'm glad I could finally get it for you ! You deserve it .",It was only ninety-five dollars. I thought that was quite a lot of money!
"[""I'm not really accustomed to the style of the new boss . ""]", It'll take us all some time to get used to the change . ,<b>ALICE:</b> I'm not really accustomed to the style of the new boss . ,BOB,I kinda hate how he looks when you have the normal gear., I'm sorry to hear that.  What is it that you don't like about him?,Why don't you know how to do her work?,"He's doing his job better, not so good. I've always enjoyed the company."
"['Frank ’ s getting married , do you believe this ? ', ' Is he really ? ']"," Yes , he is . He loves the girl very much . ","<b>ALICE:</b> Frank ’ s getting married , do you believe this ? <br><b>BOB:</b>  Is he really ? ",ALICE,"Yes he actually is! He does a whole show on it, actually..."," I do believe he is getting married, but I don't know if he is telling the truth.",Of course he is ! he’s been in love with this woman for years and now he’s finally getting married.,"Yes, he is getting married next weekend."
"['How may I help you ? ', ' I ’ m having a problem . ', ' What problem are you having ? ', ' There have been charges made on my debit card that I didn ’ t make . ', ' Do you have the statement for your card ? ', ' Here it is . ', ' What are the charges you ’ re referring to ? ', ' The last four charges on the page . ', ' I ’ m afraid we ’ re going to have to investigate these charges . ', ' How long will an investigation take ? ', ' I honestly don ’ t know , but we will freeze payment on these charges . ']", That sounds absolutely fantastic . ,"<b>ALICE:</b> How may I help you ? <br><b>BOB:</b>  I ’ m having a problem . <br><b>ALICE:</b>  What problem are you having ? <br><b>BOB:</b>  There have been charges made on my debit card that I didn ’ t make . <br><b>ALICE:</b>  Do you have the statement for your card ? <br><b>BOB:</b>  Here it is . <br><b>ALICE:</b>  What are the charges you ’ re referring to ? <br><b>BOB:</b>  The last four charges on the page . <br><b>ALICE:</b>  I ’ m afraid we ’ re going to have to investigate these charges . <br><b>BOB:</b>  How long will an investigation take ? <br><b>ALICE:</b>  I honestly don ’ t know , but we will freeze payment on these charges . ",BOB,"I am, this is the plaintiff, this charges you mentioned charges.", It was a fraudulent charge. I had to call my bank to get it resolved.,Is there any way to get these charges reversed ?,That's a good idea.
"['Hi Joe , how are you doing today ? ', ' Things are going good today . How have you been doing , Mary ? ', ' Things are going well for me , Joe . ', ' Want to go see a movie tonight ? ', ' My parents are taking me to dinner tonight . ', ' Could you go with me to the movies on Friday night , instead ? ', ' What movie did you want to see ? ', ' There is a new horror flick about a rapist serial killer . ']", I was thinking that I would like to see “ The Secret Life of Bees . ” ,"<b>ALICE:</b> Hi Joe , how are you doing today ? <br><b>BOB:</b>  Things are going good today . How have you been doing , Mary ? <br><b>ALICE:</b>  Things are going well for me , Joe . <br><b>BOB:</b>  Want to go see a movie tonight ? <br><b>ALICE:</b>  My parents are taking me to dinner tonight . <br><b>BOB:</b>  Could you go with me to the movies on Friday night , instead ? <br><b>ALICE:</b>  What movie did you want to see ? <br><b>BOB:</b>  There is a new horror flick about a rapist serial killer . ",ALICE,Not very fun.," I would love to, but I have to work late tonight. Do you have any plans?","I don't know, Mary. That sounds kind of gross.","Sounds good, Mary."
"['Yeah , look at all those new buildings going up ! Mr . Zhang , the traffic is pretty smooth . But we were told the roads from the airport to downtown were quite crowded and traffic jams could be as long as half an hour . ', "" Yes , they were . But it has already past . The traffic from the airport to downtown has been relieved after the completion of Yan'an Aerial Road . ""]"," We've never expected that Shanghai is such a big metropolis , same as New York city . David , would it be a good idea to rent a car here ? I've got an international driver's license with a pretty good record in the States . ","<b>ALICE:</b> Yeah , look at all those new buildings going up ! Mr . Zhang , the traffic is pretty smooth . But we were told the roads from the airport to downtown were quite crowded and traffic jams could be as long as half an hour . <br><b>BOB:</b>  Yes , they were . But it has already past . The traffic from the airport to downtown has been relieved after the completion of Yan'an Aerial Road . ",ALICE,"Yes, it does look like it has passed, but just like any new construction, it will probably be used for later construction.", That's good to hear. Do you have any plans for the weekend? I'm thinking of going to the beach.,I see . That's good to know . I was starting to worry that I might have missed my flight because of the traffic .,"Oh, Mr. Zhang, I don't know why you said that. It must be very crowded."
"['That dress is very pretty . Why don ’ t you like it ? ', ' It ’ s too loud . ', ' We ’ Ve been looking around for many hours.What on earth are you looking for ? ', ' Well , you know , those styles or colors don ’ t suit me . ', ' What style do you want ? ', ' I want to buy a V-neck checked sweater , and it should be tight . ', ' Oh , I see.How about the color ? ', ' Quiet color . ']", I know a shop selling this kind of sweaters . ,"<b>ALICE:</b> That dress is very pretty . Why don ’ t you like it ? <br><b>BOB:</b>  It ’ s too loud . <br><b>ALICE:</b>  We ’ Ve been looking around for many hours.What on earth are you looking for ? <br><b>BOB:</b>  Well , you know , those styles or colors don ’ t suit me . <br><b>ALICE:</b>  What style do you want ? <br><b>BOB:</b>  I want to buy a V-neck checked sweater , and it should be tight . <br><b>ALICE:</b>  Oh , I see.How about the color ? <br><b>BOB:</b>  Quiet color . ",ALICE,Aww. I like that. But not as pink as you are.," I don't know, I just don't like it. It makes me feel self-conscious.","Alright , we ’ll keep looking for something like that then .",Okay. But I like the dress.
"['Grand Theft Auto Three is awesome ! ', "" It's more violent than TV news ! "", ' What time is it anyway ? ']", Nine-thirty . ,<b>ALICE:</b> Grand Theft Auto Three is awesome ! <br><b>BOB:</b>  It's more violent than TV news ! <br><b>ALICE:</b>  What time is it anyway ? ,BOB,The sun doesn't shine until 10pm. I'd just watch it in the dark., It is always a good time to play GTA. It is a video game developed by Rockstar Games and published by Take-Two Interactive.,"It's late, so you should probably go to bed.",6:00 pm EST.
"['Hi , Alice , what are you doing this sunday ? ', "" Nothing really , why , what ' s up ? "", ' If you are free , maybe you would like to go to a small party and having for my birthday party . It will be fun , you will get to know lots of people . ', "" Sounds great , I'd very much like to accept your invitation , thanks , when ? "", ' Around six pm . ']", Do you need help setting up or anything ? I don't mind . I like to do that kind of thing . It's fun and I have a good eye for decorating . ,"<b>ALICE:</b> Hi , Alice , what are you doing this sunday ? <br><b>BOB:</b>  Nothing really , why , what ' s up ? <br><b>ALICE:</b>  If you are free , maybe you would like to go to a small party and having for my birthday party . It will be fun , you will get to know lots of people . <br><b>BOB:</b>  Sounds great , I'd very much like to accept your invitation , thanks , when ? <br><b>ALICE:</b>  Around six pm . ",BOB,"Alright cool, sounds great. I will have my own party.", I am not sure yet.  I will let you know when I figure it out.,"Great , see you then !","Okay, so that's your next birthday party. Thanks for the invitation."
